{
    "alpha": 1.0,
    "anti_aliased_fill": true,
    "anti_aliased_lines": true,
    "button_text_align": [
        0.5,
        0.5
    ],
    "child_border_size": 1.0,
    "child_rounding": 0.0,
    "colors": [
        [
            1.0,
            1.0,
            1.0,
            1.0
        ],
        [
            0.5,
            0.5,
            0.5,
            1.0
        ],
        [
            0.05999999865889549,
            0.05999999865889549,
            0.05999999865889549,
            0.9399999976158142
        ],
        [
            1.0,
            1.0,
            1.0,
            0.0
        ],
        [
            0.07999999821186066,
            0.07999999821186066,
            0.07999999821186066,
            0.9399999976158142
        ],
        [
            0.4300000071525574,
            0.4300000071525574,
            0.5,
            0.5
        ],
        [
            0.0,
            0.0,
            0.0,
            0.0
        ],
        [
            0.1599999964237213,
            0.28999999165534973,
            0.47999998927116394,
            0.5400000214576721
        ],
        [
            0.25999999046325684,
            0.5899999737739563,
            0.9800000190734863,
            0.4000000059604645
        ],
        [
            0.25999999046325684,
            0.5899999737739563,
            0.9800000190734863,
            0.6700000166893005
        ],
        [
            0.03999999910593033,
            0.03999999910593033,
            0.03999999910593033,
            1.0
        ],
        [
            0.1599999964237213,
            0.28999999165534973,
            0.47999998927116394,
            1.0
        ],
        [
            0.0,
            0.0,
            0.0,
            0.5099999904632568
        ],
        [
            0.14000000059604645,
            0.14000000059604645,
            0.14000000059604645,
            1.0
        ],
        [
            0.019999999552965164,
            0.019999999552965164,
            0.019999999552965164,
            0.5299999713897705
        ],
        [
            0.3100000023841858,
            0.3100000023841858,
            0.3100000023841858,
            1.0
        ],
        [
            0.4099999964237213,
            0.4099999964237213,
            0.4099999964237213,
            1.0
        ],
        [
            0.5099999904632568,
            0.5099999904632568,
            0.5099999904632568,
            1.0
        ],
        [
            0.25999999046325684,
            0.5899999737739563,
            0.9800000190734863,
            1.0
        ],
        [
            0.23999999463558197,
            0.5199999809265137,
            0.8799999952316284,
            1.0
        ],
        [
            0.25999999046325684,
            0.5899999737739563,
            0.9800000190734863,
            1.0
        ],
        [
            0.25999999046325684,
            0.5899999737739563,
            0.9800000190734863,
            0.4000000059604645
        ],
        [
            0.25999999046325684,
            0.5899999737739563,
            0.9800000190734863,
            1.0
        ],
        [
            0.05999999865889549,
            0.5299999713897705,
            0.9800000190734863,
            1.0
        ],
        [
            0.25999999046325684,
            0.5899999737739563,
            0.9800000190734863,
            0.3100000023841858
        ],
        [
            0.25999999046325684,
            0.5899999737739563,
            0.9800000190734863,
            0.800000011920929
        ],
        [
            0.25999999046325684,
            0.5899999737739563,
            0.9800000190734863,
            1.0
        ],
        [
            0.4300000071525574,
            0.4300000071525574,
            0.5,
            0.5
        ],
        [
            0.10000000149011612,
            0.4000000059604645,
            0.75,
            0.7799999713897705
        ],
        [
            0.10000000149011612,
            0.4000000059604645,
            0.75,
            1.0
        ],
        [
            0.25999999046325684,
            0.5899999737739563,
            0.9800000190734863,
            0.25
        ],
        [
            0.25999999046325684,
            0.5899999737739563,
            0.9800000190734863,
            0.6700000166893005
        ],
        [
            0.25999999046325684,
            0.5899999737739563,
            0.9800000190734863,
            0.949999988079071
        ],
        [
            0.6100000143051147,
            0.6100000143051147,
            0.6100000143051147,
            1.0
        ],
        [
            1.0,
            0.4300000071525574,
            0.3499999940395355,
            1.0
        ],
        [
            0.8999999761581421,
            0.699999988079071,
            0.0,
            1.0
        ],
        [
            1.0,
            0.6000000238418579,
            0.0,
            1.0
        ],
        [
            0.25999999046325684,
            0.5899999737739563,
            0.9800000190734863,
            0.3499999940395355
        ],
        [
            1.0,
            1.0,
            0.0,
            0.8999999761581421
        ],
        [
            0.25999999046325684,
            0.5899999737739563,
            0.9800000190734863,
            1.0
        ],
        [
            1.0,
            1.0,
            1.0,
            0.699999988079071
        ],
        [
            0.800000011920929,
            0.800000011920929,
            0.800000011920929,
            0.20000000298023224
        ],
        [
            0.800000011920929,
            0.800000011920929,
            0.800000011920929,
            0.3499999940395355
        ]
    ],
    "curve_tessellation_tolerance": 1.25,
    "display_safe_area_padding": [
        3.0,
        3.0
    ],
    "display_window_padding": [
        20.0,
        20.0
    ],
    "frame_border_size": 0.0,
    "frame_padding": [
        5.0,
        3.0
    ],
    "frame_rounding": 0.0,
    "grab_min_size": 16.0,
    "grab_rounding": 0.0,
    "indent_spacing": 21.0,
    "item_inner_spacing": [
        4.0,
        4.0
    ],
    "item_spacing": [
        5.0,
        4.0
    ],
    "mouse_cursor_scale": 1.0,
    "popup_border_size": 1.0,
    "popup_rounding": 0.0,
    "scrollbar_rounding": 12.0,
    "scrollbar_size": 14.0,
    "touch_extra_padding": [
        0.0,
        0.0
    ],
    "window_border_size": 1.0,
    "window_min_size": [
        32.0,
        32.0
    ],
    "window_padding": [
        14.0,
        8.0
    ],
    "window_rounding": 0.0,
    "window_title_align": [
        0.0,
        0.5
    ]
}